"id","ident","type","name","latitude_deg","longitude_deg","elevation_ft","continent","iso_country","iso_region","municipality","scheduled_service","icao_code","iata_code","gps_code","local_code","home_link","wikipedia_link","keywords"
1,"VOMM","large_airport","Chennai International Airport",12.990005,80.169296,52,"AS","IN","IN-TN","Chennai","yes","VOMM","MAA","VOMM","","","",""
2,"VIDP","large_airport","Indira Gandhi International Airport",28.5665,77.103104,777,"AS","IN","IN-DL","New Delhi","yes","VIDP","DEL","VIDP","","","",""
3,"VABB","large_airport","Chhatrapati Shivaji Maharaj International Airport",19.088699,72.867897,39,"AS","IN","IN-MM","Mumbai","yes","VABB","BOM","VABB","","","",""
4,"VAAH","large_airport","Sardar Vallabhbhai Patel International Airport",23.0772,72.634697,189,"AS","IN","IN-GJ","Ahmedabad","yes","VAAH","AMD","VAAH","","","",""
5,"VOBL","large_airport","Kempegowda International Airport",13.1979,77.706299,3000,"AS","IN","IN-KA","Bangalore","yes","VOBL","BLR","VOBL","","","",""
6,"VOHS","large_airport","Rajiv Gandhi International Airport",17.231318,78.429855,2024,"AS","IN","IN-TG","Hyderabad","yes","VOHS","HYD","VOHS","","","",""
7,"VECC","large_airport","Netaji Subhas Chandra Bose International Airport",22.654699,88.446701,16,"AS","IN","IN-WB","Kolkata","yes","VECC","CCU","VECC","","","",""
8,"VANP","large_airport","Dr. Babasaheb Ambedkar International Airport",21.092199,79.047203,1033,"AS","IN","IN-MH","Nagpur","yes","VANP","NAG","VANP","","","",""
9,"XX01","small_airport","Sample Grass Strip (fictional)",23.2875,77.337402,1711,"AS","IN","IN-MP","","no","","","","","","",""
10,"EGLL","large_airport","London Heathrow Airport",51.4706,-0.461941,83,"EU","GB","GB-ENG","London","yes","EGLL","LHR","EGLL","","","",""
11,"KJFK","large_airport","John F Kennedy International Airport",40.639447,-73.779317,13,"NA","US","US-NY","New York","yes","KJFK","JFK","KJFK","JFK","","",""
12,"NZAA","large_airport","Auckland International Airport",-37.008099,174.792007,23,"OC","NZ","NZ-AUK","Auckland","yes","NZAA","AKL","NZAA","","","",""
