"id","airport_ref","airport_ident","length_ft","width_ft","surface","lighted","closed","le_ident","le_latitude_deg","le_longitude_deg","le_elevation_ft","le_heading_degT","le_displaced_threshold_ft","he_ident","he_latitude_deg","he_longitude_deg","he_elevation_ft","he_heading_degT","he_displaced_threshold_ft"
101,1,"VOMM",12001,150,"ASP",1,0,"07",,,,72,,"25",,,,252,
102,1,"VOMM",9482,150,"ASP",1,0,"12",,,,121,,"30",,,,301,
201,2,"VIDP",14534,197,"ASP",1,0,"11",,,,106,,"29",,,,286,
202,2,"VIDP",12500,150,"ASP",1,0,"10",,,,97,,"28",,,,277,
203,2,"VIDP",9229,150,"ASP",1,0,"09",,,,88,,"27",,,,268,
301,3,"VABB",11302,197,"ASP",1,0,"09",,,,88,,"27",,,,268,
302,3,"VABB",9419,150,"ASP",1,0,"14",,,,137,,"32",,,,317,
401,4,"VAAH",11499,148,"ASP",1,0,"05",,,,48,,"23",,,,228,
501,5,"VOBL",13123,148,"ASP",1,0,"09L",,,,88,,"27R",,,,268,
502,5,"VOBL",13123,148,"ASP",1,0,"09R",,,,88,,"27L",,,,268,
601,6,"VOHS",13976,197,"ASP",1,0,"09L",,,,88,,"27R",,,,268,
701,7,"VECC",11900,150,"ASP",1,0,"01R",,,,11,,"19L",,,,191,
801,8,"VANP",10500,150,"ASP",1,0,"14",,,,142,,"32",,,,322,
901,9,"XX01",2500,60,"GRS",0,0,"12",,,,,,"30",,,,,
1001,10,"EGLL",12799,164,"ASP",1,0,"09L",,,,90,,"27R",,,,270,
1002,10,"EGLL",12008,164,"ASP",1,0,"09R",,,,90,,"27L",,,,270,
1101,11,"KJFK",14511,200,"ASP",1,0,"04L",,,,31,,"22R",,,,211,
1201,12,"NZAA",11926,148,"ASP",1,0,"05R",,,,52,,"23L",,,,232,
